-16.91795188131641,-26.579529388204506,A
19.0038099817127,13.490373166960753,A
20.884553772319432,-9.35172634285819,A
-10.92832105615415,-35.108096192773864,A
-4.76540011245242,18.836228976201372,A
0.08234114979538493,-23.450712016366516,A
-21.484879616337388,-13.133157172524008,A
-28.12216855676494,5.970833620983263,A
14.062335114044705,15.161492818227513,A
-27.69185495693465,5.275375165917444,A
-6.946815393448732,-21.691845373979877,A
25.72891905255369,15.961572899691944,A
-13.402775752598393,19.612856186643846,A
8.736744288761015,-14.643725500334103,A
15.68605924848629,-10.389805379437894,A
12.806014574007586,20.941768089281954,A
-4.742878074982335,15.106833296053818,A
-3.9052482752675366,-13.158615636888939,A
20.705470524101937,22.85487139854666,A
2.584989268438554,13.813773076841525,A
-22.35639189518469,-4.080031894132555,A
15.97881516740984,-22.85972479601194,A
16.817273748896834,-11.79963186872209,A
-2.63711954138113,-29.6089643734795,A
-11.622091093801634,-14.765779076999669,A
-1.785108561768693,-21.621718554032466,A
-24.038522464609468,4.143169439204947,A
16.94767060644183,-18.610255592522957,A
-23.1312722772538,-1.8059606075481565,A
-17.77510066049104,-5.101583178097467,A
27.541281314492153,0.6915454607719468,A
-9.700946405509592,-21.97776256418474,A
3.135193815081547,8.979265740111051,A
10.215009326862049,16.36910876205745,A
22.53822955511945,-0.07943609729743968,A
8.98845751563704,-26.556660995827357,A
-12.651399157349145,22.646204542373937,A
23.26340999962688,-13.546583239680732,A
29.432312983663945,-0.4105297190676819,A
-17.760828503895524,-6.965738197608511,A
-12.610433285187051,-18.74350436865818,A
18.4767362658111,-5.857004641667129,A
14.229938386225975,10.916222557950888,A
17.70766567318782,-24.044116210790797,A
16.462854488190096,4.797798295421313,A
-19.584492471599763,22.1328455471943,A
-13.45384676026961,-4.8941326182400005,A
23.400359904638677,6.612660435753629,A
24.263652543243225,4.430609600061588,A
0.6196029351629392,20.496324850423505,A
-7.370475760675567,-17.36489506158473,A
19.009573686483055,-5.986861196523296,A
7.873138950413897,14.82185649296952,A
-12.931098700651173,-12.87803514075211,A
21.983627535827754,4.277664376943187,A
-9.990093383393573,23.843358659166732,A
-8.45107150228617,-24.95957936288448,A
26.72420674074127,-6.118824691905343,A
13.404226283348047,22.417370663258346,A
9.838646161079412,-15.04738969547822,A
14.409289948713566,9.230761436472395,A
-11.164961013049027,24.435237371156287,A
2.097014199614529,-22.211556145052352,A
-3.4018312923237746,-18.023912509208333,A
26.12377035436786,13.00788166019936,A
15.36384544234606,15.379849553835317,A
-2.107235260335496,31.050553851257597,A
-19.87508575985967,-5.643313370474885,A
23.845401103837798,-17.89484889479659,A
-15.460951856631267,-14.970677452663427,A
19.877181518622834,-11.44187681527583,A
24.578610166179207,-3.0282324362877886,A
25.456040943674566,-16.7423754150814,A
-4.556148125483244,-21.778850334339023,A
23.253764955371416,12.8719228419202,A
1.8406185515726425,20.343897296184394,A
-28.564708918449977,-3.5698915805367712,A
-27.767327171149624,-5.958128965964957,A
20.813673201377167,-17.961498130205378,A
-24.26560530998213,7.339575081716757,A
-17.941368748022473,7.7770633232931035,A
5.438416469407083,-21.824348870840208,A
24.859649146312254,4.436654074737772,A
20.012353192561683,14.416105251291123,A
-6.979515535793211,-22.132246555411097,A
22.891549155300748,6.991041822450374,A
-21.771309265862293,-25.83391131548996,A
-18.829128453619944,19.18086829044239,A
3.804547051176324,-22.911593777148788,A
-3.919798304274822,14.099063175271016,A
-5.912779969729887,21.905933660134032,A
-13.208373742855555,-18.145111699411117,A
22.80762838026028,5.231442883946439,A
8.394166947483969,-30.984405705926978,A
-7.680352619429195,25.86024487750755,A
-21.712725233725905,-17.940167916712515,A
20.997453036126814,-1.7916580511537492,A
10.132692294087008,23.37810483393868,A
-12.225291031689505,19.6627561993341,A
-29.267558774465257,11.938315631786951,A
-29.054837323971018,-4.66951583587112,A
26.674874906877726,2.78791787462245,A
-6.7074428979801946,-28.376170112337817,A
1.7118150852214438,22.54126499149028,A
16.118406024141965,14.81083818301605,A
18.478468740696908,-12.940841758065003,A
13.950642311692228,25.813977147168348,A
5.809404642897765,24.58458711415789,A
1.5213162327577265,-18.17266678065515,A
0.24961157428393027,-21.25609717157004,A
-22.66401994811351,-7.069912924084752,A
16.072898064703708,2.453373151272098,A
12.499592190493802,-15.14452450523224,A
-6.093984825569434,-17.53568886944388,A
-28.516031370006143,-5.7416485761624925,A
-24.871460766411108,-4.264523376692806,A
-19.597467930390867,9.777591480952886,A
-11.718433061922171,-22.420508866373375,A
-8.25870082856119,18.833118654784613,A
6.088375415209793,23.64787316268392,A
-11.53337158444178,20.56420418499049,A
22.582899096388697,20.365960274615972,A
25.282362718938884,17.90290251347403,A
-10.71121727941384,-17.3461532106396,A
-25.971559632664345,19.56260421838783,A
-17.698194174753368,21.39919724449177,A
5.986019326283927,24.5016873474,A
-16.863995908273772,-22.76328252663864,A
-12.161208649069259,19.392663866410356,A
-22.55676764492714,-17.46070512903461,A
0.03514595693064459,24.292038225569012,A
17.81972209087479,-1.6301832624060517,A
16.1024711780163,-9.545503274886864,A
-5.892242811742537,27.14790925144437,A
28.881674989128907,-0.9878856432157087,A
12.939596076749236,9.95221068228066,A
-25.499618151107843,-12.813607821819945,A
-16.43096876608083,-21.781516359673347,A
6.766695735470548,-23.599210785950028,A
33.389477135933944,11.233266912113407,A
30.934417559444995,-11.077735307819603,A
3.407404517185297,-25.61457597979028,A
7.119273677569842,15.200446801556764,A
18.21795582989614,12.618549289156364,A
-14.230466800746475,16.207610818743376,A
-12.569864441310884,19.3459494927768,A
-0.9317765862438798,20.895487220811006,A
-14.949487474184899,-26.283784298054634,A
-24.295561476757022,13.043662648277753,A
-1.6296601939578692,16.89354970697956,A
14.593903192687561,2.4275772850079385,A
22.52576432767317,-3.410243428144357,A
1.035401665735824,23.492736135581918,A
26.594963027111447,11.892767466710245,A
-24.29785668727809,6.298059807145875,A
-28.211845274879266,-16.32023520031898,A
-10.212483863516022,-8.001626086579632,A
-14.158028362300172,15.789690326584717,A
10.083625821310743,24.911315117747623,A
23.40633543574754,-3.178856265878422,A
-7.441569633720437,-22.044911653141558,A
12.339280400740245,32.04360531091927,A
13.62117239911132,19.668507214679416,A
14.171043513633645,24.62229714386474,A
-28.971253649382938,20.734034675617817,A
-17.15740350483713,-0.6204417057706887,A
-17.252718333331597,18.161781160094986,A
-19.215302319252498,22.37489404051581,A
-28.122398230225503,17.424106823967573,A
10.453857551332893,-12.270927541172961,A
26.788815204409573,-2.186124681095882,A
-31.88847339827205,-11.336578307423588,A
9.8289035280651,-22.97071172000616,A
-23.638113331412193,-5.9699843806811765,A
0.23342179656736717,-26.331096646560443,A
8.928138629432064,15.816205550099669,A
5.554174286595889,22.217800550428663,A
23.555255079920915,-4.999165505503254,A
-15.431706124495635,-23.817766172267774,A
20.849836737626767,8.922932933405777,A
-24.09340544700898,-25.33664815864099,A
18.98435395091371,15.121353292383136,A
6.054516340777982,-17.017513685960733,A
26.0298103501767,-6.024468595977064,A
-15.4279591397936,23.054887210378155,A
11.271119390257164,-16.388646739784857,A
-1.5102642664627008,31.501440015831847,A
-25.11181647576534,11.666635654718473,A
-27.856527806152894,-9.873736605626068,A
-13.633820236684477,18.022776018133232,A
21.554816409045163,-5.632253447314947,A
23.877394852674303,-14.897804691463516,A
-10.20110327886007,23.922102752021598,A
31.169723143552858,-5.298630202795442,A
2.215833608302133,24.865057020622345,A
8.203854542133428,21.68543086153477,A
26.373433475414043,-10.116250322644037,A
17.85568552829096,21.139784329575896,A
22.67757390381483,22.36251522225705,A
25.272857231613823,-3.430375344511749,A
-9.256018738353772,22.07817244805997,A
24.930093773622737,-3.234423727914118,A
-28.93893565061208,5.3177681207909515,A
22.794611821191598,4.91595291975817,A
-20.038795431417945,-13.060657708546813,A
-24.87676224868541,-7.740543766816372,A
-6.493023756532217,-23.270325799175218,A
20.011315479678437,-6.324180960098017,A
-0.8757929172337954,19.3832396710776,A
21.39689168796022,3.503740050663207,A
-25.057917582583663,-9.249225973508851,A
-24.137318844576853,27.149383514334477,A
-6.469560331328164,21.115986659541885,A
-28.052874291822135,6.620518997189642,A
-7.614021568624619,31.775603203948553,A
-16.783928900193555,7.3397201123341205,A
-29.922019856898455,-1.1379625882186675,A
10.209143695223526,-14.530463520962744,A
-23.118996001409702,3.3858839674685592,A
32.809322779809264,5.64462324457218,A
-3.669193559948941,25.115911151434997,A
10.480533843884091,20.523846465456153,A
9.318746097076158,22.13576984600745,A
-28.421383536470948,1.4698499059830261,A
-19.50072386038823,10.688537248372992,A
-16.36303187237529,-13.568517918776278,A
2.1623586118108924,23.33468918233714,A
19.605619855889927,-10.714749889989124,A
-25.75087391321239,-1.8322092516529596,A
0.9933057508500777,23.12277542842933,A
5.665568149489652,23.664345455842298,A
10.920111209864626,-13.10271151446544,A
7.453031940084818,22.309361210040443,A
7.760847617542218,28.567011520192512,A
-7.856233935584767,-22.089374478790095,A
3.2957060528191975,21.58135499905307,A
18.848126488071692,27.58991552605806,A
16.734560156495256,-9.11934348896878,A
22.984026849259095,-7.87546160845839,A
24.150096688669297,-13.071795311174164,A
-9.903295830883621,-15.843013298548918,A
5.0201098956851204,-18.57798559220382,A
25.31034322417927,22.32036319477311,A
-5.803417824960926,-28.758162026958722,A
-18.747609942875595,-29.841579752443042,A
8.375779728259376,-23.018818322375076,A
-1.6308826386611546,28.72163032843121,A
16.626209074854643,-14.091530058410957,A
-23.6907604218572,-9.733896044086347,A
-18.37590435268545,28.177706144925175,A
-22.655613382348882,8.544586908843257,A
16.382347655217586,-14.483012619330939,A
10.162175498854486,-18.613074091131818,A
-0.6288094539148731,-19.415688349199897,A
4.647444254459595,15.787076207470369,A
15.305909259555392,-3.936751590608136,A
23.306770960511983,1.474255590089137,A
-3.672328631118448,-20.279781547596173,A
-20.440435122673392,7.621261887210758,A
-0.4218333527891382,16.457266389422713,A
-31.79324763370053,9.28887673645618,A
-26.998736764212676,-14.101474377642484,A
32.09888657065732,6.0610371083558885,A
8.14460073195994,-25.34597715982523,A
-22.71764219191815,13.972388539821544,A
-23.382026594153263,0.28308289836735634,A
-15.044280117174305,27.964458651958576,A
-9.539732545211056,-23.60540293323197,A
9.835700702675277,-27.57199776234419,A
16.651362079551312,-10.334931937291284,A
-17.71308812597833,12.732034349350819,A
-27.492152189597636,-12.473882922383172,A
-7.5677939543083,22.36607463920389,A
11.287192480720678,-21.07030601437619,A
-20.68289246489592,18.323249430565436,A
-19.431809670940765,4.594906591134659,A
21.582884486961696,-10.61462401472978,A
18.817416102867117,-6.2604980698402395,A
-9.287397490484212,-28.8424468752849,A
10.348321157981049,-20.140531378054412,A
21.812656610249803,-4.8391917133541,A
-28.73460769932163,-3.979988198599867,A
0.5652798888117302,20.11570313797721,A
-0.4419931496893518,19.09159692552704,A
7.365696281746682,27.756776645467692,A
-1.778917928733531,15.530139803476176,A
-7.945246062307785,21.93795979671006,A
0.7201644285736197,29.732805628488777,A
21.05724481118548,-3.5393264180408917,A
-11.249235757421658,-17.291130632964993,A
21.356771227483808,-16.68834032718736,A
9.735908889756624,-30.09673035011044,A
-16.118918430189147,19.20887350115999,A
4.180144810726037,-24.742247297657773,A
6.67816314278866,19.88753066343545,A
-25.783590833107464,24.206968310137288,A
18.896948480068794,-9.270158184786567,A
-13.999751891962973,-26.36845106188344,A
-3.221624975493519,-14.223754989161097,A
20.496198921551613,-18.03385041669598,A
-19.33633094807437,-14.560475377590626,A
23.711372959804653,11.419958659538915,A
-13.342416715061752,-29.43543178094734,A
-20.315604655619723,9.737887363186719,A
-28.636916505699478,-8.897629714915004,A
15.91061169919914,2.037358409764042,A
3.8230241316682925,33.174381592975244,A
27.620871540622172,-11.699583174908605,A
0.2153982325999725,12.924709947013357,A
2.218846500937461,-17.967593282251183,A
-26.401776912603225,2.7674762498909327,A
4.897939132498845,-26.018868940163667,A
-19.461338617954265,-22.18721083604232,A
20.293568321904115,-23.996678613274813,A
-22.464176745166267,21.951023171903508,A
21.126441039848757,-14.01560410311339,A
15.993288025996046,-3.3550926953707663,A
25.460648694779497,-2.374779802678449,A
14.96687534781787,-22.839256573329816,A
1.585056164701437,-20.430268741608003,A
-17.12237427859856,-9.832334668109842,A
-19.29147621817048,0.4117106930306927,A
6.148812876173314,30.613538408630493,A
27.000686554932848,7.188631466403542,A
-19.22659571273339,19.56815846109899,A
-21.677334834923755,-4.959044209621174,A
14.828838610690857,26.3786232832111,A
21.519257973906626,-6.846807311358377,A
21.60879945288379,-0.6433329214573322,A
-11.916975550023354,-23.433741236930935,A
8.521787874680314,-21.15181202945027,A
20.993341565461296,-3.9708527915762777,A
-30.18400858377996,-2.0781122674466084,A
-12.440853930975114,-25.695175064805586,A
24.057658192762137,-6.386077650481365,A
10.884208506369715,-6.626797763292898,A
31.771175127525574,7.603644059276659,A
30.044679543919116,10.157003300516703,A
19.46075984022312,-7.345389756713142,A
0.20910757862066617,-23.524272568721962,A
-30.852377196645268,8.265425238318674,A
18.17498037656393,-15.056969858455915,A
-21.252192502058456,-11.615599041350082,A
19.818917511705514,16.19482137198778,A
17.553933043605266,-14.60322578832152,A
-15.94866108016291,20.18092973639122,A
-18.1160020324929,11.167883106438875,A
-19.748269646479837,7.168403585055675,A
-20.474685297617665,9.52552976519328,A
-15.726074431364097,24.251970125434454,A
10.104225061519973,-29.27539556855955,A
-15.531009620761255,4.4632823939440485,A
-14.873964203340684,15.116213301732047,A
-18.21168383092988,1.8241117482432958,A
6.171737235957758,26.464261309112068,A
-22.23094375334542,-18.822801878489116,A
-14.662387639630102,11.982794522137091,A
-22.982059528919784,-6.9770983485101326,A
8.6899086715911,-21.621304570897543,A
13.009627813109192,35.20455302839387,A
1.6521065477206374,18.032157061126487,A
7.575715857125792,22.649749831584327,A
5.3355810451230505,-16.75515723840436,A
21.13667819774258,22.833944692320845,A
1.0308790110559412,28.531000951382207,A
-29.344670235989383,-12.993070558600907,A
-27.081469257381936,-17.791422671452604,A
-18.36908969608392,-15.91324127573369,A
3.7470160395850236,-16.283607569171952,A
10.254384816522819,-11.024588111662831,A
15.348788641066546,-9.582675546956963,A
-22.57408388493409,8.06364147061861,A
-27.432922740050284,-5.64431446533029,A
-28.33817340660316,14.959816033771547,A
-14.284184233328022,22.074211332077358,A
12.02662644834599,14.93293878060921,A
26.008641094989752,11.331253977700397,A
13.673976178441565,-16.633890282988546,A
-30.982952511654563,-4.7265471882831775,A
10.014999533936168,-24.11565168241512,A
12.7459575487272,-13.1206132275409,A
-18.206096100549473,20.873684020052124,A
-5.23473610628163,18.624587757750007,A
-26.754272882948804,-4.223096271980147,A
21.178737277339277,-6.340537267131625,A
17.675749952980066,4.3640456260683855,A
-28.522434068022868,9.859979510048182,A
19.63134709283029,-1.377390232717244,A
-12.036818838447479,22.342506943461434,A
-18.186794030438232,9.220026215045305,A
26.66538337526976,-15.869905970482103,A
-22.61195352488024,-21.70106372004794,A
-6.4178466845307165,-18.309519784925623,A
-3.6989719039495914,25.626007472090116,A
3.586483495534199,-29.17488621157833,A
-3.6319293845834046,18.558287325441942,A
5.961358925402185,25.50736946839874,A
36.870447767774046,1.9525405019434738,A
2.25500918671233,-30.462636400974894,A
23.47689963860766,10.959641293837738,A
-2.9103892939870453,25.584595618733832,A
11.462510603063071,24.035677910549943,A
25.757451746710483,-5.642228240856071,A
-24.70929047133387,7.812709918363405,A
15.887431258799845,-3.8888992513153724,A
22.12008028541599,-27.623669961558598,A
23.132084453056,-19.069212030037253,A
-21.392233617372323,-14.56333458015134,A
14.216135795361971,-22.565816910466413,A
-11.385601545574698,-25.26453760157592,A
-1.0285349981391712,18.237721893563428,A
22.24616143069336,-15.994489019656834,A
14.048971648674408,-23.996153023250525,A
-6.125726363987167,-18.107554951520935,A
27.51762257932652,11.637447141931409,A
-23.869533308671688,-6.4771228278138056,A
-0.13225799394902177,29.79086138699671,A
8.651942852097875,-22.831726108253157,A
-11.214114707385463,21.841851604705464,A
25.3470106775631,-1.8924214609898844,A
-6.462877406022931,21.871913140137107,A
-26.843343915390165,6.992608727829817,A
22.819490677373775,5.314121755255693,A
-1.49673946459561,-22.836540806117547,A
16.619801141886644,-15.096475348173982,A
-16.09108780869316,19.82154516440684,A
-10.56646728640191,22.801146321871272,A
-10.847004814162085,-15.73767643395333,A
33.12136733976585,-0.09126407369126985,A
-31.0754271850649,-16.982912632423467,A
-23.48439839611721,14.243001998624312,A
-34.50486278491058,-12.189009677486107,A
-19.986835306202032,-3.5877989378801143,A
9.305373623047027,-30.28716307623858,A
22.155156286585658,17.51094749465461,A
-2.0630905424483656,-23.68931971857113,A
16.866482195745807,23.036287627973604,A
-29.13672618751942,-3.713956627355595,A
-25.693734561712397,3.8255518512253333,A
20.053490992757464,26.433083878721668,A
-18.217767479142058,-14.189722843615233,A
-3.8790479278691814,-30.378031322884333,A
-9.842270976080467,32.46633003096835,A
-19.033873393374684,6.999966565699456,A
22.44011398389082,5.633177541274659,A
-19.147991391591347,-11.313104858917537,A
16.92843790272071,-11.752787465570842,A
14.126760657022766,25.590531238339587,A
21.69021991380391,-7.152477870039379,A
-5.74534227481899,-28.286631649384073,A
-11.211196044488188,-20.142828806948874,A
-28.40913853118236,3.7572621579257657,A
-12.394016110846202,-18.373537836087053,A
10.968844293706207,15.33027503430325,A
2.519941090074618,18.82307184278974,A
10.122004865455178,-22.168948107068474,A
-14.858889491118047,7.903040207827599,A
19.352779681933278,24.839950582639993,A
33.70816411516113,-12.259433225707514,A
-13.422535909864624,-24.94055472895499,A
30.41639403173474,1.9643026923377822,A
3.6767171555245537,20.397331745871718,A
-21.18953734151123,17.885352165562907,A
23.40723008281535,17.52898631824643,A
-22.144460055859916,11.243089023811507,A
0.7794464024512783,25.03946281053299,A
-14.238940966435868,13.75491313448879,A
-20.151338015619203,-15.90392811179106,A
-27.389412703462597,3.250927024355193,A
20.82892829011725,-6.55531035143379,A
-12.594503487618034,-13.634992822866812,A
-22.33878261027938,14.645515637309982,A
10.25673327337086,29.44523406714197,A
29.5718609500524,-2.1470665474841932,A
-31.376858190978457,-9.582009552862429,A
-5.093196555223863,-19.77115101298757,A
9.960512861862059,-26.109167120059993,A
13.69963632015602,-23.644474843950018,A
33.07066592485163,2.4580918382392865,A
-18.054727536518527,-23.76086126979419,A
-5.542298121907002,-25.376399330115554,A
12.193703906031944,18.829026362771454,A
22.657505384761034,-3.3115971892056697,A
-25.54732151992759,-17.751842511256907,A
7.808946831091788,-22.41409971376921,A
16.10048576165959,-8.72598838032311,A
-23.04376310198229,-15.648006573024604,A
-9.570075245815527,29.54506568247162,A
22.90717576570729,14.787473447084558,A
-4.483421319259176,19.505691858686447,A
11.412377700227728,27.20824495387412,A
-26.762642948471548,-1.0800387185217415,A
-28.50881278741804,-1.7953465988992459,A
-8.989242577155638,-13.746598563307058,A
1.9007896044417916,-24.392474754177865,A
-1.8550463977324052,-25.631224786406232,A
-21.839896182713,13.260728632583135,A
-26.744796304635578,6.412581157116025,A
16.96291759126261,-6.206830291228551,A
5.984035587726569,-23.041507730496335,A
-32.34973895456752,27.57193071512949,B
44.64465005212157,13.303743203066139,B
-6.69404765073384,45.921031951295866,B
41.36302163191337,-6.958234026330981,B
-47.104022876719746,26.08878154601461,B
-18.642112894958345,37.297858711215895,B
32.80227764374615,-36.726631071478266,B
-3.1426740726389575,51.25488225474807,B
-34.944508397223416,26.81939854673884,B
-49.35776563232534,-9.333465471569372,B
12.874960126856841,-41.22790346226663,B
-34.208992606686394,35.81526300571543,B
-8.886435228197248,67.72801537597466,B
50.94480117984658,11.773674619256989,B
42.289872288643245,-28.01373457755395,B
25.72765219675275,-51.25383342548833,B
-21.722300550790685,-39.07541786830189,B
-13.184742517910271,-55.46360451550854,B
-15.12339380473678,48.097907033937915,B
24.29719921836285,45.834259918309705,B
17.981774188761758,46.42396068969643,B
3.407184252208912,-46.600803438075154,B
52.51035000991576,1.7496259616587426,B
-0.5866279855729987,-46.89937731251666,B
-2.925942427387447,-44.279567434422205,B
7.529062806471131,-45.321046291096884,B
22.325774103254574,42.92747381066933,B
-58.247005430872015,1.461885178051596,B
54.883882113583724,10.037979104619652,B
55.57483309331562,-7.476385651402337,B
-2.748513249595963,59.297720283239926,B
-34.32946694758167,30.722255608310185,B
-44.448704809949554,33.79510392887496,B
38.54097880342527,29.12807647055104,B
42.70705773257534,33.5615532437203,B
-15.51753176262644,-51.488634205586735,B
13.365589457694307,-51.4244988188941,B
-46.607019078200665,-6.831939822194022,B
-28.63975951426709,31.445967437397076,B
-25.884234250405523,36.63670640129665,B
-50.50076017995647,-8.362483335539928,B
20.056752581290564,35.55710103446632,B
54.44689944443602,-23.28640145669125,B
42.683859055116734,18.266594902394242,B
50.23385034290427,7.151394689469435,B
54.655272485896475,-3.7942667097118967,B
42.14060189279534,21.16899554928401,B
34.99064616851675,44.437213463886714,B
-45.4125951295643,-21.434209942728003,B
-36.678953944948695,35.13734198582418,B
56.113837825790235,-4.333260898760358,B
6.542676203735671,48.76580259646207,B
-7.2970842868715815,-48.350967457414015,B
5.312741355780962,-41.2566697535977,B
17.472566593592944,43.394527047218716,B
18.480550692362677,41.70984571684607,B
-18.278920206381585,45.70594777747208,B
4.190901964982006,-57.289270054709135,B
-23.61814532428318,-37.42029594794176,B
-23.31520847901715,-43.06057529021342,B
25.77180820012771,44.03377568307164,B
-38.78956045604716,17.96953892033116,B
-36.652633034354324,32.141726873706446,B
-10.205387249298978,-53.320286219531596,B
26.36091051128699,36.55243343822397,B
-13.502054061288627,-43.364002713005775,B
-57.000446539686656,3.2455429951045636,B
22.53936793325064,-44.72989288254251,B
9.535790049851327,52.78967899941062,B
46.40474747427565,10.646355103345137,B
-46.06157093883033,-5.01376017567584,B
-34.17926212712563,-46.35791436771777,B
44.16026218349563,-39.47351645826596,B
-46.71697285335048,-10.609948439714248,B
26.2870928591712,37.7615813208822,B
-46.37409399589461,10.92059973825109,B
26.473192950023,40.668750225395634,B
23.008346623096983,-44.20437503565885,B
-35.7358866030178,-29.800493866076007,B
-48.755225759645086,23.48245192085029,B
17.187196004329902,-43.18817863216435,B
16.033823222341276,42.66274760167701,B
43.83292211493241,-13.00606311735048,B
-27.127206744464292,-60.18182416666006,B
-42.394959220010406,-34.97827299840954,B
-32.41974248737118,35.97427404554352,B
3.6308358517786727,-50.70803331631945,B
16.993879943412697,-49.49439527391909,B
-45.08452043447644,-20.71484339826484,B
-47.7903639131401,10.538699676109339,B
25.32714052736069,44.37851776757899,B
-40.74429198037153,-32.95681172455702,B
-48.53740442739748,-23.23854542721985,B
16.315247570228433,-50.931745356038846,B
49.873488878138275,15.510146280175379,B
-33.2702375409937,42.2609561076605,B
1.8214040558351106,54.99177484920622,B
44.926751708935576,22.09189581321887,B
-12.126248107387191,45.433630945974784,B
38.36970211357529,-36.21002068107072,B
4.971958899092364,-52.4186660724626,B
-42.90382515141644,30.679926842882423,B
44.40104470423263,15.436850974161736,B
-8.706938582407485,39.70539496195347,B
40.46534254937842,-34.147681675741204,B
33.256409963346236,37.825056669484646,B
-35.015429404660885,46.60940470869691,B
44.08357364588185,-24.027248948802313,B
-19.36085107749586,48.266870544919556,B
44.678563298256904,6.736596483979019,B
4.15693007998894,50.71181562859464,B
-10.852509533082685,-50.3140149271931,B
44.3571997456513,-28.664610833018852,B
12.225116871685668,40.23990481101033,B
-1.6683431318718176,-49.48741340089404,B
-16.669886098706435,-46.93501614066939,B
-55.64527861908576,-7.2241926653325885,B
-31.03010164661182,-36.289378282648066,B
34.745809956107514,25.810424824994737,B
19.029521927333327,-51.320880215598194,B
37.26128196195976,-24.843071237892783,B
-30.07464536054537,36.54311982595936,B
46.47364779484114,15.070081535665855,B
-5.407258107887133,-43.82500210475428,B
-43.751249678457675,27.896597605578105,B
41.61119157623169,30.493450177620183,B
-40.30577545894079,24.657017018604442,B
-44.53161834892659,25.236315750951334,B
-23.152828244135737,41.33249791945435,B
-46.56392231130756,-2.988317157759606,B
25.496943114197958,48.30532735655003,B
-33.48621078017673,-25.567423520605043,B
0.7660995284496925,-48.085094818245445,B
-56.114386799436744,7.916983511578542,B
33.05004432045028,39.231858109774606,B
-18.795826071358174,-40.35358565834489,B
-58.26251653561805,16.823756075775268,B
-25.10743727052829,46.60346462312724,B
29.106901110232908,-38.597237860446356,B
-24.826812403561537,30.128550920692774,B
49.566869358127335,-13.19785344483044,B
-47.044324037609634,-5.754811641251268,B
-38.10698511729227,-3.617961070140124,B
-59.38288974203783,-6.36282520715728,B
21.76129112035906,41.58102037860472,B
-23.513160446104976,-31.68728103766972,B
-9.541296846360698,-54.479389425543694,B
-17.202296472898414,-43.88081098948287,B
-52.60482997553711,-12.345405815490679,B
-51.38857398919211,4.248125656715729,B
31.905974003576645,-28.26130632858612,B
43.491503472341336,9.31150982013013,B
46.12974393193753,-32.24670046306087,B
-12.38479489904293,46.58470456684626,B
-46.22927069970577,-30.961632783679153,B
-46.550308529287285,-33.29945300635466,B
44.25987411420278,27.460117235317004,B
48.34877339903436,-11.90650850659833,B
44.63344370848015,13.829212559762695,B
11.764645581534142,41.586558460472816,B
-18.002821621066605,36.77807664550573,B
41.530822177297146,-31.61360224204284,B
-22.664126394200363,39.41810803757094,B
-52.913233099157,3.2795295202694277,B
45.375287154949234,-9.3591237055409,B
-29.400663351495208,37.04001898674633,B
-46.35796452514874,-17.25226806403896,B
-17.145466935177332,39.344306093839684,B
43.14280177099586,-27.985392985815363,B
-62.74553236526299,-9.438580132460405,B
-31.95591439703322,-42.91718186695037,B
-31.601079943595177,40.5746719856877,B
-14.981969153657278,45.15122446599709,B
-19.571096168218286,49.813473434083555,B
-3.69225804871745,43.47546509697676,B
-48.380535013582595,-15.483764377056563,B
-16.932593362944857,-45.23582731030528,B
-16.037571094930847,52.71089226816024,B
-40.44108037878118,-13.37686298960514,B
-11.551432381187224,-55.72600408577476,B
48.541787659903946,-11.0882264199598,B
12.35053710232944,41.76042852876753,B
15.187162627636315,43.2943304780913,B
-1.3951932471743482,-47.591882925089266,B
11.384813318137965,-50.48763633631791,B
42.966429420005404,-40.92998949709362,B
-17.238775766956824,-46.63519204153616,B
44.808698155484315,37.59311961949518,B
51.118423918414884,21.029329409181003,B
-12.896742102979172,-43.09134654332669,B
1.124978758787824,45.48239489669281,B
26.599382534902663,40.34454181836146,B
-29.448650797680468,37.96728944826084,B
40.62638060242334,4.254220043801271,B
14.017468417040778,-51.8244342978267,B
41.049713927055905,-4.9758793543985185,B
39.34042363980268,-6.811973752830253,B
45.71869201852576,-21.09541257486335,B
27.198322308748807,-42.89562465018302,B
-52.379492267599296,-2.809666192384387,B
14.737511342286208,-45.98284441763889,B
0.4576018829250952,-48.9557392873951,B
-46.50585443409063,5.074601034339485,B
42.00122316115761,1.7649551380366753,B
-42.30750626939785,-32.71492776677167,B
-34.347733967175145,46.78005570512098,B
-52.496794199733685,12.710090596680526,B
53.650984577911984,-6.495175933807801,B
18.580302579760296,-50.6312349302542,B
-51.10419558296039,13.421681369247132,B
-60.70991601486135,-10.660674714243738,B
50.72267164424349,-23.571227500765282,B
6.838097424442838,-50.283208226199285,B
18.259454435805644,-38.790267496554314,B
-37.24347230401433,18.27140599670635,B
47.64281315347002,32.1665352270409,B
48.73543010390987,-18.098874277669452,B
-53.513549752455276,3.7763093179357305,B
-44.524653365261564,27.545035550630878,B
-37.898861109541706,-32.54574399704371,B
47.41113984364701,10.883786080089608,B
40.946198813354165,-36.19282059016991,B
-0.6796822845253166,-45.6772893500474,B
18.09819268136968,39.555168438663436,B
-38.518502600502416,-28.32521517942028,B
-9.818043121575016,47.743468318009036,B
-53.62253323810353,11.49693159437631,B
-37.698399721181985,-27.877276899832633,B
-37.74057696510119,-21.943856752939972,B
58.17861734650884,-16.00052850238859,B
23.133876890260446,-36.68197323335193,B
-28.527919005928062,41.58736332658005,B
43.644424688081884,21.793550499842382,B
-45.13181284809475,-24.66024967744984,B
34.18504955329465,36.81192563803893,B
-31.05651737246272,-35.04377131006571,B
-48.76982635544439,31.25356295416621,B
-27.74837229529297,-30.819980106938132,B
37.46959762178174,27.713681590972563,B
50.660213234004566,-19.245359691194675,B
-12.15834518154685,49.360388058368656,B
42.672365491482346,22.440165059888205,B
42.564061466060664,37.25254532654371,B
-5.601256599948305,56.63911916117861,B
-25.850822488617816,-45.33848996695312,B
-42.99962866901623,-31.446542259254375,B
-17.973954722085388,54.2735531736001,B
52.70511790877079,5.267996286775019,B
-53.236915437924814,3.090212927408241,B
-1.8695407470010148,53.70848989519102,B
-42.17578995639215,20.634851863897875,B
34.975210808463764,29.002129654178017,B
29.366627201803816,-46.412012637033996,B
-25.71257093648273,-46.26354241155512,B
-46.23055718993205,-2.8756016337029364,B
-12.698596701925203,51.60635513435023,B
-45.76419110043927,22.719820621347033,B
-22.034111252962663,-45.8934875954537,B
-56.05278692638648,-0.4904019149394411,B
2.0843852441328754,44.90160763544779,B
42.78218651738305,-30.734165030466986,B
-43.080831620630335,15.189805466882463,B
-49.88602817434643,16.728353881544287,B
54.72597369495661,26.25233220732718,B
-43.376706308242596,-32.35624371135289,B
-6.49364196780897,-46.54353883166707,B
-12.539959638985735,52.00117348632678,B
21.416662281469947,-39.76092921520182,B
48.30463650458126,-34.446832666544,B
35.220033803753545,-32.277069273319775,B
32.22752910373297,30.38500440378533,B
-47.50569103450134,-20.897315326796218,B
-47.31850972559183,8.54572644377966,B
-40.33743206508478,-33.21219987290277,B
8.945652020475984,-51.55367105513859,B
-37.79681372490636,38.14702723340687,B
44.13734460033414,7.2582339277112595,B
-46.310010978469606,-13.35638879240825,B
41.43707727340122,37.469024797605044,B
-59.21076051319262,5.765571073748155,B
42.058030370594146,-18.539451793898376,B
39.25214062092086,-39.92597107220966,B
42.421545509767796,-34.30080267021288,B
-25.582482061806452,44.61968008993382,B
-26.809687962742622,43.530345329943536,B
35.256484465517055,-28.238381075667903,B
-45.07877066959508,-34.23645610444371,B
15.789393734768575,-46.416328312535505,B
52.28212760586228,-13.17585783558145,B
5.521553268340047,48.33526739107576,B
-12.449436520660477,44.43587936124298,B
45.80007313062877,-18.778719332198275,B
12.289262859033547,47.17004900157745,B
13.224590299428657,-53.514232115792915,B
-28.167284138451247,-48.33253894057036,B
45.90181699586474,21.944053386245468,B
-19.572812017238522,38.58216217054078,B
-18.792540348741692,-38.94457941713786,B
26.912437289595392,-43.782301804236546,B
-32.75346051641064,46.28400373671028,B
17.78579181158365,-44.28569868949012,B
-0.7657863017804754,40.39647643186642,B
50.97385229009001,-10.590771672533972,B
-41.84063235724094,-3.345947064016905,B
36.33057810094585,-28.974045967521224,B
49.66573640187838,-8.348809629512418,B
15.978679172422495,43.062792983913035,B
10.921282497803793,-43.02890399171562,B
-28.992781760487098,44.11120438261339,B
-6.020908745002335,-42.50916906252519,B
-48.395725709936094,-22.569490735267316,B
4.519745543281691,53.304706948971244,B
44.924269161996726,-19.73101751894772,B
-19.943253543251707,-36.243119101345016,B
-47.362333204801054,-26.38454051133423,B
28.119433405618853,48.44969079161196,B
-38.141562902458986,-32.50287638987479,B
41.10759075078335,15.963354952695141,B
-26.83139266955879,-36.82136697537717,B
-8.29681525307921,-50.79698920159939,B
15.754171554604362,-34.094910682935016,B
-12.121046092339379,-44.49127663355584,B
14.107396184689998,44.90343802996485,B
4.254171163644859,56.152430249448415,B
-49.172252048617835,-9.722291963147907,B
24.409851999523923,41.772478595006106,B
44.20714050088813,11.124419836830986,B
-27.03329310944089,35.08006763415651,B
48.82918719169295,15.24722309920942,B
52.65294697416423,-23.892291405139986,B
-49.033746412303515,35.19582281509553,B
47.47029174213394,-9.308944272535381,B
22.56136137870781,38.26117780147019,B
38.03166192782272,-32.869930776338556,B
9.64982666022272,-54.47891270707558,B
11.197810332699872,-47.305461263129295,B
-17.957896801615366,-47.3875585424492,B
-55.79859834422218,-6.943515831356888,B
49.780145649454084,-10.593619036514488,B
46.40121043893637,-24.209018879445665,B
29.21498515808505,30.299158791676742,B
45.543122672526685,6.56345184242618,B
1.3841989229916294,-48.353441358577285,B
41.31861442357084,-28.15262306359719,B
-47.75893097981621,10.542923435971698,B
-39.156177954611216,-24.155356910440528,B
0.4838724272896531,52.14381092798774,B
42.658575319630295,30.6820891191663,B
41.60745939384511,22.610511907948077,B
46.647228557999874,1.6964765811249247,B
-34.97419492296566,-36.94801395507573,B
38.57315901011331,-44.146485939095044,B
5.986719923129705,50.82887007791873,B
-0.5335258026173378,53.727256008606155,B
45.514801574279105,18.15103834539151,B
-47.54596195450427,5.6640535289604275,B
-1.1937769873422353,51.3450123168566,B
21.058838727965824,-45.104922343414415,B
25.835262844652807,41.9190903099909,B
39.890679934143925,-13.97864436765091,B
-11.646931365534748,34.7561017873704,B
40.532080088144134,-43.08484744350459,B
15.355623379887932,40.75992180803624,B
-5.55130679625312,-50.69980599285113,B
32.96612918079077,28.530851560273227,B
-19.17037902617895,49.602502568647694,B
50.03220312252855,-16.10700149342295,B
46.670568885798325,-19.405068660974305,B
-28.6231262644256,37.22313457941031,B
1.046297821519139,-54.41569361787116,B
0.4912171291382916,-61.9571480499972,B
41.37083843980338,2.5195144320813427,B
42.49357403280957,25.536446584614684,B
23.372146192616093,41.707988274923714,B
21.522032447634196,-51.30924970697374,B
53.85586393674959,4.6570244575583075,B
30.88759640604651,-34.75655870642712,B
-13.375799755475017,-46.14542509901579,B
37.71640826523095,30.158300205703412,B
25.35931987596396,-40.58788810895738,B
33.23403019040706,-35.42998376793905,B
-59.87999999261904,8.155813070867191,B
34.76802589922272,14.51503789490925,B
-22.993848071838308,32.41310340006979,B
22.164460464877347,43.99794933731692,B
18.78132358194158,-36.55485860587577,B
45.96229902301753,-14.819059628855202,B
43.08712105115283,1.9393888453732884,B
3.242973777035652,46.06746919158185,B
-43.52357905853269,-30.721327796631336,B
38.694304169059876,-27.10713415245741,B
-18.92814841980693,-42.93692373255674,B
45.83731825376121,-5.895671045495579,B
-22.73541577635494,44.80320896733476,B
-3.9476974843358787,-54.9859688838647,B
25.018404805577866,50.01509081342132,B
-47.98605427483189,-10.518967571705772,B
-37.11942034521162,32.65309415842943,B
-46.70526727557435,-21.468319793433626,B
-51.772635684134514,-24.371169633717482,B
-0.4735247815592679,45.792838410501375,B
-12.973784709177506,-57.012027631298345,B
-18.007295811506054,44.73442407571616,B
-29.802607999373997,43.53607128791379,B
-19.488783077650048,38.428519010793025,B
-48.804108107066355,13.145995061671107,B
9.69012099324683,50.1196785130933,B
-34.88810318724755,21.117642017896003,B
9.121452559093465,-41.72445100699472,B
-25.0408832810729,-41.21241807547191,B
-35.00206774817218,-36.66713579400504,B
-39.42517250711555,17.576092383324898,B
-34.76768691300239,26.136196714523948,B
-11.125907151058952,-44.636574322097026,B
-36.448835199279515,-35.5078778807991,B
37.86462471897365,-27.17633454947362,B
46.255351170321525,15.799452652424705,B
-44.98691475267914,-20.264944760386776,B
-45.28757315585802,-19.36228819965658,B
-35.35722951465432,-32.085636025960326,B
-48.37693678158706,37.87048205981132,B
41.00160524561972,-25.20846613567429,B
10.414050805040898,-49.87778233772342,B
-39.43704842869152,-24.475879908167563,B
13.762860314525003,48.28880936748026,B
30.63987255642305,-37.19436386970612,B
17.360640780084076,-46.119382891399326,B
42.378675845589406,22.173974306909546,B
30.72016087776896,38.705365218399336,B
-19.64130018027632,43.4596604903026,B
19.650481724160002,50.054500922782374,B
16.074139077697737,46.38980081539026,B
-51.762163615635124,-5.693448747624445,B
-39.96571992824606,-20.46276154773729,B
-45.76494795734945,3.785432187012797,B
49.138774573717484,13.464865896940237,B
-40.76336415641707,36.00826532286396,B
1.7531208339419382,-47.239908954579086,B
37.1342415904326,-33.65220312635726,B
2.7233795173523494,-49.24408820203339,B
31.93697724921284,41.445811060548145,B
-4.952987536960272,-44.03231780525617,B
-55.7670558980651,-19.90866971491752,B
-9.050866724120779,-40.25770653340588,B
42.39104343063136,6.43268354534861,B
-13.163553289925074,-46.82552291024819,B
45.68870644580402,-26.784872855198017,B
-27.225586581265695,37.08200063286405,B
1.7566948129433149,-50.91135344304194,B
51.199444579394566,-3.2068080501847285,B
52.47875465868876,-20.566807690922932,B
-8.199116559890955,-56.240258317760336,B
30.746576151221408,50.03914476962944,B
-10.191390419910261,-47.85749185890979,B
-45.119737999757554,12.630179301015758,B
18.192448367486158,-47.51007060138968,B
31.371547917140987,-41.58846473934355,B
-2.9891584256201984,-54.12711694244609,B
-14.275737034102338,55.98923904410922,B
-17.238551572710033,-46.28726346072773,B
-24.195066356230043,-43.58780317519471,B
-43.18009861122107,-29.115253272439364,B
13.583917482942738,40.53369826258014,B
0.05166240977670789,-53.75443789136223,B
5.35139063062291,-52.715922476910215,B
27.192553355188743,-40.98878427365064,B
-4.325065020585705,-43.47703399459541,B
16.39413043971565,-45.542568908259284,B
-25.910671814306742,-48.03612501292315,B
31.531397740360777,33.45005915925552,B
22.845954739821085,-43.77721791669391,B
-4.9728874823095754,50.312288175535166,B
-33.60460286525953,-37.49369272731216,B
48.49066433407406,-5.071146347695186,B
36.449407038674934,41.635578508489495,B
50.02686019273148,20.001826931240927,B
27.275650641103788,-41.57668179129241,B
-31.59527576184906,-37.21892235632892,B
-26.249468783957077,30.03652087921345,B
-5.388309099339253,-49.47848871846779,B
16.913029519801885,51.77049053136786,B
19.14478377682357,-53.72556714147528,B
-54.10938160027621,-4.180905435402548,B
-42.99212094272258,-18.13774762654355,B
44.223440586347074,18.428195689248323,B
-57.93209128083604,-7.597780849150788,B
1.8412552849462847,55.54406791609649,B
6.257070848489826,48.42770828901217,B
-49.343868897062954,14.484958719134033,B
13.208838866308334,39.67870533643478,B
-14.582418838862907,-42.19540911680194,B
-52.27253697091301,10.264094950157805,B
-15.704812830180822,-51.30110774464859,B
23.26018432415373,-43.31306924976756,B
-32.998894580819375,-33.41604098246436,B
-39.105412168759926,-29.383020972225058,B
54.85602086945082,-3.838737553587426,B
-7.83027291335474,-44.68139286355138,B
6.951487063647069,-57.8953381276864,B
53.1820627503858,31.83360922031499,B
